,id,created_at,screen_name,retweet_count,favorite_count,text
971,1229998932148748289,2020-02-19 05:19:32,simba_guleid,2,18,Participating consultative workshop 'Enhancing Gender Responsiveness Food Security Water Climate Resilie
2456,1233369884404391938,2020-02-28 12:34:30,diangaronald,69,0,Agriculture must always top priority everybody always need food exist long youre willing put
2485,1230384173220798465,2020-02-20 06:50:20,diangaronald,5,0,We paid courtesy call friend Alvin Munyasia Food Security amp Climate Justice Lead Oxfam Pan Africa Pr
2550,1222402973848023041,2020-01-29 06:15:54,diangaronald,4,0,William Ngno The weather pests affect production food We working find solutio
2570,1221683563558514688,2020-01-27 06:37:13,diangaronald,25,0,On average eat less types food day Access adequate mere mirage major
2618,1220412200822677510,2020-01-23 18:25:17,diangaronald,13,0,See info note Secretary-General Special Envoy Food Systems Summit
2652,1219940637711175685,2020-01-22 11:11:28,diangaronald,13,0,Urban agriculture provides fresh food generates employment recycles urban wastes
2655,1219939545694777344,2020-01-22 11:07:07,diangaronald,1,8,Agreed traditional clear role play address Africas challenges malnutrition Food
2691,1215652345889087488,2020-01-10 15:11:19,diangaronald,52,0,Just concluded two day kick meeting Rome Based Agencies capacity Special Envoy Food
2697,1215334822870167552,2020-01-09 18:09:36,diangaronald,28,0,The food business Africa multi-billion-dollar matter continue
467,1236329636122038278,2020-03-07 16:35:29,ModinatOdesanya,6,0,Food traceability significant food Security food safety
1949,1233489642084761600,2020-02-28 20:30:22,doraakolo,0,0,Bile used digesting food alimentary canal please n't spew Twitter n't insult people h
1964,1231929820742856708,2020-02-24 13:12:12,doraakolo,3,4,Dr. Lailla Lokosang Advisor Food Nutritional security appealing member state
1966,1231896335932121090,2020-02-24 10:59:08,doraakolo,2,0,secretariat urges consistency reporting food safety turn trigger investments
1968,1231891962812387338,2020-02-24 10:41:46,doraakolo,2,6,Unsafe food undermining quest achieve state reliable
2062,1226975689703927808,2020-02-10 21:06:15,doraakolo,22,0,OPINION `` Extreme weather events becoming new normal posing existential threat food systems '' writes
2108,1226078137974435840,2020-02-08 09:39:42,doraakolo,12,0,Deliberating various partners maintaining peace improved food security nutrition Africa high lev
2305,1220436490972553226,2020-01-23 20:01:48,doraakolo,0,1,Who tells Food Security politics Ask Marie Antoinette
2372,1215498814649458688,2020-01-10 05:01:14,doraakolo,4,0,satisfy global demand food could mean increasing agricultural production much percent
1283,1217142955569491969,2020-01-14 17:54:28,UnKenya,4,0,Ever wondered different parts Check Food Agriculture 's contributions help en
1298,1215606929533423616,2020-01-10 12:10:51,UnKenya,29,0,Met Daniel Gustafson Deputy DG Food amp Agriculture Organization We discussed Kenyas push food security amp
1584,1236955736854466560,2020-03-09 10:03:23,Laah117,2,0,Zimbabwe release prisoners amid food shortage correctional facilities
1621,1226882997946900485,2020-02-10 14:57:55,Laah117,2,0,"This year 's fight food waste `` 30,000 pounds leftover food redistributed hungry Fl"
1631,1222727213071683585,2020-01-30 03:44:19,Laah117,11,0,Innovations In Kenya JKUAT Varsity Student Creates Solar-Powered Food Cooler Box That Eco friendlyRequires
1633,1221073526020562946,2020-01-25 14:13:09,Laah117,2,0,Varsity Student Creates Solar-Powered Food Cooler Box
1658,1217682629513883649,2020-01-16 05:38:56,Laah117,5,0,These foods threat climate change research says Food producers face uncertainty droughts fl
1659,1217682621167214592,2020-01-16 05:38:54,Laah117,2,0,Kenya Maps First 'Climate Atlas To Battle Future Food Losses The Climate Atlas provide us future scenario
551,1235503162141835264,2020-03-05 09:51:23,IFRCAfrica,11,37,In teams still helping thousands families providing food healthcare shelter
612,1229039095592235008,2020-02-16 13:45:29,IFRCAfrica,7,0,As villagers resort various copying mechanisms given food insecurity working wth government departments amp
699,1219140226658054144,2020-01-20 06:10:55,IFRCAfrica,33,0,What case emergency In case emergency include days worth food water family
701,1218196219438272517,2020-01-17 15:39:46,IFRCAfrica,7,0,Severe food insecurity caused threatening lives million people Southern Africa Read v
714,1216676184135737344,2020-01-13 10:59:41,IFRCAfrica,5,0,June2019 million people acutely food insecure peak Nov2019-March20
731,1213082834090356738,2020-01-03 13:01:00,IFRCAfrica,25,63,What 's Reduce food waste enjoy foods soon disappear
1264,1226888557463265281,2020-02-10 15:20:01,benodiambo,9,0,With shocks straining communities threatening food security iscritical invest climate adaptation
1441,1231189858703544321,2020-02-22 12:11:51,ErrantPreacher,13,0,The use solar dryers preserving food crops part fforts reduce postharvest loss critical
909,1238074445396312065,2020-03-12 12:08:44,MkulimaShujaa,10,0,From petty food vendors controlling nearly L/stock trade- amazing story
912,1238073881619038208,2020-03-12 12:06:30,MkulimaShujaa,7,0,Job Opportunity Clarmondial launch Food Securities Fund blended finance fund sustainable agricu
964,1237658656251969536,2020-03-11 08:36:32,MkulimaShujaa,4,0,CGIAR launching new online campaign Innovations Sustainable Food Systems With growing population fo
965,1237658486957314049,2020-03-11 08:35:52,MkulimaShujaa,8,0,Prize Awards The World Food Prize accepting nominations prestigious 'World Food Prize Award honor valian
984,1237612731676520450,2020-03-11 05:34:03,MkulimaShujaa,74,0,All challenges interconnected solutions If promote sustainable food agricultural systems w
1028,1236977402783416320,2020-03-09 11:29:29,MkulimaShujaa,5,0,Kenya losing B importing food 're underutilizing amp misusing land Agriculture land sh
1035,1236913331736322049,2020-03-09 07:14:53,MkulimaShujaa,13,0,Healthy soil means Healthy food More biodiversity Cleaner water More medicineEmir ahinovi Plan
1059,1236581217312653312,2020-03-08 09:15:11,MkulimaShujaa,15,0,Happy International Gender equality essential achieving food security nutrition Sustaina
1060,1236580982125363200,2020-03-08 09:14:15,MkulimaShujaa,51,0,Meet Mary Akamais Mother four Grandmother sixSmall business ownerMary used receive food assista
1063,1236580647365423104,2020-03-08 09:12:55,MkulimaShujaa,30,0,Rural women critical force agriculture food systems worldwide committed contributing overco
1070,1236552120524029952,2020-03-08 07:19:34,MkulimaShujaa,6,0,Its Only men women empowered transform food systems successfully nourish families comm
1071,1236552118351388672,2020-03-08 07:19:33,MkulimaShujaa,43,0,Empowering women key ensuring food security reducing rural poverty .Here 's amp WFP think wome
1077,1236538975239778304,2020-03-08 06:27:20,MkulimaShujaa,17,0,The African Indigenous food systems ensured healthy food environment protected p
1078,1236538967916453888,2020-03-08 06:27:18,MkulimaShujaa,90,0,Here 's hard-working unstoppable women Growing food Raising children Supporting communities Fighting
1081,1236538556354568193,2020-03-08 06:25:40,MkulimaShujaa,18,0,Women around working improve food supply empower communities.Kenya growing resilient crop vari
1096,1236251682826313729,2020-03-07 11:25:44,MkulimaShujaa,6,0,Job Opportunity Clarmondial launch Food Securities Fund blended finance fund sustainable Ag val
1097,1236251636315676672,2020-03-07 11:25:33,MkulimaShujaa,13,0,A sustainable global food system possible women everywhere empowered rights recognized respected
1124,1235862870664994816,2020-03-06 09:40:44,MkulimaShujaa,10,0,Yes Africa capacity self-sufficient terms food prodn indeed The challenge though largel
1147,1235661913809289219,2020-03-05 20:22:12,MkulimaShujaa,5,0,This exciting Dadaab Refuge Complex Kenya tackle food nutrition security ref
1151,1235527112720867334,2020-03-05 11:26:33,MkulimaShujaa,6,0,Organic food waste resource rich water energy amp nutrients What means many f
1154,1235527009981337603,2020-03-05 11:26:08,MkulimaShujaa,4,0,Progress towards making Africa master food production certainly boosted expanded governments com
1161,1235500599652859904,2020-03-05 09:41:12,MkulimaShujaa,43,0,Can Africa become self-sufficient food producer What would take Africa food secure Does continent h
1162,1235500592576860160,2020-03-05 09:41:10,MkulimaShujaa,4,8,Africas success achieving food self-sufficiency rests large part smallholder farmers.The majority
1165,1235469906885439488,2020-03-05 07:39:14,MkulimaShujaa,8,0,Food safety issues.There 's need advocacy ensure food safety considered public health priority D
1179,1235450377258102784,2020-03-05 06:21:38,MkulimaShujaa,6,0,Women vital importance rural economies Rearing poultry small livestock growing food crops respon
1184,1235449936927285249,2020-03-05 06:19:53,MkulimaShujaa,11,0,Since increased food grain production million tonnes million tonnes.This increase sim
1203,1235192885466759169,2020-03-04 13:18:27,MkulimaShujaa,11,0,How food systems becoming sustainable around world The latest campaign amp explores
1206,1235148891223396352,2020-03-04 10:23:38,MkulimaShujaa,23,0,Loss serious threat human ecosystem services Food securit
1239,1234817471900770305,2020-03-03 12:26:41,MkulimaShujaa,24,0,Climate crisis worsening situation food security Afrca.The future food world depend
1279,1234487951947653120,2020-03-02 14:37:18,MkulimaShujaa,8,0,Twiga foods seeking lease land set depots Nairobi environs If interested please applyto landtolea
1291,1234467089819279360,2020-03-02 13:14:24,MkulimaShujaa,3,0,Dam Liner Applications include- Irrigation ponds water containment-Wastewater ponds food processing plants- R
1292,1234467024321097728,2020-03-02 13:14:08,MkulimaShujaa,12,0,Farmers play vital role growing food fruits amp vegetables thus need supported training
1295,1234466912106696704,2020-03-02 13:13:41,MkulimaShujaa,43,0,Modern farming land limited We food secure growing safe traceable products
1300,1234409158629371910,2020-03-02 09:24:12,MkulimaShujaa,2,0,Funding The IDH looking partner conduct innovative projects support integration nutrition/food
1330,1234055837410304000,2020-03-01 10:00:13,MkulimaShujaa,3,0,Padlocks food security
1347,1233637351144001536,2020-02-29 06:17:19,MkulimaShujaa,41,0,Maintaining key producing nutritious food improving rural livelihoods enhancing resilience
1363,1233313440191528960,2020-02-28 08:50:12,MkulimaShujaa,69,0,Agriculture must always top priority everybody always need food exist long youre willing put
1372,1233271444282511361,2020-02-28 06:03:20,MkulimaShujaa,33,0,Food Opportunity WFP connects smallholder farmers markets countries In bought US 31 million worth food
1377,1233270943570677760,2020-02-28 06:01:20,MkulimaShujaa,10,0,Farmers need access markets earn fair share profits.Good sustainable provide food secur
1436,1232551364288446465,2020-02-26 06:21:59,MkulimaShujaa,5,0,Benefits show schools Taste learn healthy food Learn grow vegetables fruits Develop team
1445,1232194643657359360,2020-02-25 06:44:30,MkulimaShujaa,25,0,Maintaining means Healthy ecosystems Resilient rural livelihoods Nutritious food Download
1453,1231919868833943554,2020-02-24 12:32:39,MkulimaShujaa,9,0,Job Opportunity CLOSING TODAYThe World Food Programme WFP recruiting position Network Consultant
1454,1231919805441200130,2020-02-24 12:32:24,MkulimaShujaa,134,0,Biodiversity basis food diversity.We need agri-food systems deliver nutrition everyone
1472,1231816589441486850,2020-02-24 05:42:15,MkulimaShujaa,172,0,Maintaining means Healthy ecosystems Resilient rural livelihoods Nutritious food Our future food de
1473,1231816559481565184,2020-02-24 05:42:08,MkulimaShujaa,85,0,What work food income depended rain In Senegal Guil community longer w
1479,1231490392358629376,2020-02-23 08:06:04,MkulimaShujaa,5,0,Job Opportunity Days LeftThe World Food Programme recruiting position Network Consultant support
1491,1231104846700384256,2020-02-22 06:34:02,MkulimaShujaa,10,0,Can inspire amp support young entrepreneurs within Africa 's agri-food sector hiring ``
1492,1231104704156925953,2020-02-22 06:33:28,MkulimaShujaa,53,0,Food Growth Improving core element work WFP helps people access nutritious diets liv
1496,1231104697374826496,2020-02-22 06:33:27,MkulimaShujaa,92,0,Add publications reading list brush hot topics Biodiversity Food Safety Climate Actio
1501,1231104176475852800,2020-02-22 06:31:23,MkulimaShujaa,76,0,All challenges interconnected solutions If promote sustainable food agricultural systems w
1508,1230795671147569154,2020-02-21 10:05:29,MkulimaShujaa,78,0,Desert locust swarms could create serious food crisis East Africa It worst outbreak decades Learn https
1510,1230762403375116291,2020-02-21 07:53:18,MkulimaShujaa,13,0,Amazing opportunity Can inspire support young entrepreneurs 's agri-food sector As
1528,1230391367664312320,2020-02-20 07:18:56,MkulimaShujaa,2,0,Better Food Safety Better BusinessRegistration IFCs th annual International Forum open Register
1532,1230391246742605825,2020-02-20 07:18:27,MkulimaShujaa,6,0,Prize Awards The yearly Africa Food Prize Award open nominations The Prize recognizes outstanding
1534,1230391211124559872,2020-02-20 07:18:18,MkulimaShujaa,6,0,Food transition needs chain-broad governance align consumers farmers With track focused global cha
1540,1230384189448564737,2020-02-20 06:50:24,MkulimaShujaa,94,0,Food opportunity Helping smallholder farmers improve livelihoods holds key achieving WFP 's small
1581,1229771098247565319,2020-02-18 14:14:12,MkulimaShujaa,15,0,Increasing reliance processed food decline traditional knowledge indigenous foods adversely impactin
1584,1229767927156609027,2020-02-18 14:01:36,MkulimaShujaa,14,0,Applications open Climate Food Farming Global Research Alliance Development Scholarships CLIFF-GRA
1602,1229761464979873798,2020-02-18 13:35:55,MkulimaShujaa,22,0,`` 820 million people suffering hunger need improve food systems raising awareness around
1608,1229761189040840704,2020-02-18 13:34:49,MkulimaShujaa,15,0,Harnessing data-driven services pivotal propel agricultural innovations enhance food systems sustainability Bu
1615,1229694733318066177,2020-02-18 09:10:45,MkulimaShujaa,18,0,Food insecurity female-headed households Latin America Caribbean expected drop .Hear
1691,1228635187707367424,2020-02-15 11:00:30,MkulimaShujaa,39,0,A swarm eat amount food one day people Learn https //
1707,1228261687083405312,2020-02-14 10:16:20,MkulimaShujaa,94,0,Food waste costs global economy nearly US 1 trillion every year Despite enough food planet feed
1710,1228244980927516672,2020-02-14 09:09:57,MkulimaShujaa,11,0,Farming primary source food amp income Africans provides jobs continent.A vibrant su
1734,1228222508379209728,2020-02-14 07:40:39,MkulimaShujaa,118,0,Happy World Food Programme We believe love universal Press agree
1777,1227846565001383938,2020-02-13 06:46:48,MkulimaShujaa,37,0,Working towards food secure nation ndio uti wa mgongo wa nchi.Blessed day
1829,1227211502664527876,2020-02-11 12:43:17,MkulimaShujaa,16,0,pose major threat food security rural livelihoods Learn
1862,1226796111404453893,2020-02-10 09:12:40,MkulimaShujaa,31,0,Pulses help contribute food security number ways.Check infographic surprising facts
1866,1226795768859758593,2020-02-10 09:11:18,MkulimaShujaa,32,0,What pulses ChickpeasDry BeansLentilsLupinesWFP assists countries around food amp nutrition su
1873,1226760765908115456,2020-02-10 06:52:13,MkulimaShujaa,54,0,Food health amp wellness Providing food assistance emergency save lives right nutrition right tim
1902,1226457817625845760,2020-02-09 10:48:24,MkulimaShujaa,19,0,A swarm eat amount food one day people Learn https //
1926,1226116070202843138,2020-02-08 12:10:25,MkulimaShujaa,8,0,"Africa Food Prize Outstanding Individuals Institutions USD 100,000 prize"
1936,1226037297319161858,2020-02-08 06:57:25,MkulimaShujaa,56,0,All challenges interconnected solutions If promote sustainable food agricultural systems w
1942,1225778891886858240,2020-02-07 13:50:36,MkulimaShujaa,5,0,Looking opportunities look cool Kenyan startup cultivate insects recycling food wast
1950,1225778413572644864,2020-02-07 13:48:42,MkulimaShujaa,28,0,Agriculture driver inclusive amp sustainable growth foundation food system provides nutritious
1955,1225720803355975686,2020-02-07 09:59:46,MkulimaShujaa,9,0,Vast swarms desert locusts tearing Horn Africa south Asia devouring crops threatening food su
1990,1225381313907167232,2020-02-06 11:30:46,MkulimaShujaa,61,0,Concerned locust invasion East Africa Threatens food supply livelihoods Must protect food system
2010,1225313649830617088,2020-02-06 07:01:54,MkulimaShujaa,6,0,A scholarship MSc Horticultural Engineering Animal Nutrition Feed Safety Food Safety Quality Engineer
2043,1224996350615523329,2020-02-05 10:01:03,MkulimaShujaa,20,33,Business usual longer option food amp sector.The global agriculture system
2048,1224967731054882816,2020-02-05 08:07:20,MkulimaShujaa,4,0,world 's food supply produced thanks nitrogen Booming populations mean
2068,1224631121092251648,2020-02-04 09:49:46,MkulimaShujaa,6,0,Prize Awards The yearly Africa Food Prize Award open nominations The Prize recognizes
2101,1224300570531586048,2020-02-03 11:56:17,MkulimaShujaa,19,0,Access key eradicating ensuring food security Land tenure security makes societies stab
2104,1224284143992918016,2020-02-03 10:51:00,MkulimaShujaa,10,0,Internship Opportunity The Food Agriculture Organization United Nations FAO looking attract talented
2120,1224244639156396033,2020-02-03 08:14:01,MkulimaShujaa,20,0,The two big drivers food demand population income rise.Farmers globally must increase food production
2121,1224244609263509504,2020-02-03 08:13:54,MkulimaShujaa,11,0,Farmers need access markets earn fair share profits.Good markets turn provide food security
2144,1223514292810633216,2020-02-01 07:51:53,MkulimaShujaa,39,0,Hope sprouting Sudan Chad Jordan Kenya .Growing food challenging drought-prone areas
2147,1223514059183620096,2020-02-01 07:50:58,MkulimaShujaa,11,0,How agri-food sector safeguard inorder respect protect smallholders data privacy Check
2171,1223131726630866946,2020-01-31 06:31:42,MkulimaShujaa,51,0,The food produced never eaten would enough feed billion people Reducing food waste big step towards ending h
2186,1222859876038332417,2020-01-30 12:31:28,MkulimaShujaa,166,0,Swarms km x km ravaging crops Kenya km2 eat food people swarm eat
2218,1222487048667516928,2020-01-29 11:49:59,MkulimaShujaa,10,0,I urge read beautiful book Food safety everyones business almost one ten people theworld fall ill
2220,1222486974549852160,2020-01-29 11:49:42,MkulimaShujaa,11,0,Foods company buying cabbages oranges pawpaw carrots onions potatoes pineapples passion fruits tomatoes e.t.c
2224,1222448904404393984,2020-01-29 09:18:25,MkulimaShujaa,27,0,The world experiencing unprecedented urban growth We need address enhance food security
2238,1222397136324780032,2020-01-29 05:52:42,MkulimaShujaa,92,0,Add publications reading list brush hot topics Biodiversity Food Safety Climate Actio
2257,1222115871390404608,2020-01-28 11:15:04,MkulimaShujaa,13,0,Dear rural youth You make world youth.-Improve capabilities produce food income generating acti
2277,1221760345880043522,2020-01-27 11:42:20,MkulimaShujaa,25,0,On average eat less types food day Access adequate mere mirage major
2281,1221758220169023489,2020-01-27 11:33:53,MkulimaShujaa,168,0,Promoting sustainable food amp agricultural systems reduce number poor amp hungryhelp combat
2289,1221719305202601984,2020-01-27 08:59:15,MkulimaShujaa,5,0,To achieve food security must seed secure via
2296,1221700811895574529,2020-01-27 07:45:46,MkulimaShujaa,30,0,Traditional grains food security nutrition Education benefits grains must continue Reasonable
2305,1221681631792173056,2020-01-27 06:29:33,MkulimaShujaa,2,0,This attributed lack diverse food eating culture residents.Rebecca Tanui BEACON Coordinator
2334,1220953732332032000,2020-01-25 06:17:08,MkulimaShujaa,163,0,Ethiopia Kenya amp Somalia struggling `` unprecedented '' `` devastating '' `` ravenous '' swarms food-devo
2343,1220702476770455552,2020-01-24 13:38:44,MkulimaShujaa,235,0,Over million people Kenya Ethiopia amp Somalia already suffer acute food insecurity threatening make
2344,1220702347589976065,2020-01-24 13:38:13,MkulimaShujaa,21,0,Africa banking move food shortages surplus boost trade create millions jobs partic
2369,1220589616992083968,2020-01-24 06:10:16,MkulimaShujaa,7,0,You welcome STANCHART grounds TOMORROW th Nakuru County Seed Food Fair.The fair seeks
2370,1220589602102239232,2020-01-24 06:10:13,MkulimaShujaa,15,0,United Nations Food Agriculture Organisation UN FAO HQ Internship Programme
2439,1220006657960357888,2020-01-22 15:33:48,MkulimaShujaa,7,0,Transforming food agricultural systems key beating climate change ensuring food security H
2444,1219979094378590208,2020-01-22 13:44:16,MkulimaShujaa,15,0,Unhealthy soils tend exacerbate Africa 's food insecurity poverty challenge leading low food self-sufficiency h
2517,1219332045991751682,2020-01-20 18:53:08,MkulimaShujaa,8,0,"Calling nominations 10,000 Borlaug Field Award individual works directly food"
2519,1219236810322251776,2020-01-20 12:34:42,MkulimaShujaa,19,0,We opens vast untapped potential improve efficiency food production amp consumption Africa.The digi
2559,1218536659588984833,2020-01-18 14:12:33,MkulimaShujaa,10,0,Why farmers innovators need future food farming
2576,1218410816111812608,2020-01-18 05:52:30,MkulimaShujaa,71,0,Natural disasters extreme weather events making difficult grow food There hope however How rural c
2577,1218410801767337985,2020-01-18 05:52:26,MkulimaShujaa,5,0,Locust swarm threatens food security horn Africa David Mwangi Ministry Agriculture says `` So
2629,1217730382575042560,2020-01-16 08:48:42,MkulimaShujaa,10,0,Are young scientist interested food nutrition Apply Future Food Fellowship Postdoctoral Progr
2632,1217729388462137344,2020-01-16 08:44:45,MkulimaShujaa,9,0,Desert Locusts.- It worst situation yrs according A serious threat food security E.A
2636,1217709127352438786,2020-01-16 07:24:14,MkulimaShujaa,6,0,Each year million Africans suffer food-borne illnesses organized forum food science experts n
2675,1217327773691367427,2020-01-15 06:08:52,MkulimaShujaa,62,0,Innovation central driving force Transform food systemsLift family farmers povertyHelp world
2676,1217327675787948032,2020-01-15 06:08:29,MkulimaShujaa,11,0,still producing little food value-added products 're seeing evidence agricultural trans
2685,1217327349089427456,2020-01-15 06:07:11,MkulimaShujaa,17,0,In Africa agriculture accounts /3 livelihoods food accounts /3 household budgets poor people It
2699,1217034889708670976,2020-01-14 10:45:03,MkulimaShujaa,13,0,What Africa youth agriculture determine future food world.Youths asset l
2701,1217022569070714881,2020-01-14 09:56:06,MkulimaShujaa,8,0,`` Modern farming techniques spur 's transformation continent dependent food aid one world
2719,1216818063150108672,2020-01-13 20:23:28,MkulimaShujaa,4,0,Achieving food security requires water security But little visibility vulnerabilities food system
2720,1216818022540828673,2020-01-13 20:23:18,MkulimaShujaa,286,0,food eat comes But many reasons need cherish ground beneath f
2734,1216732882569453569,2020-01-13 14:44:59,MkulimaShujaa,13,0,Simon Groot World Food Prize Laureate founder East-West Seed explores better vegetable
2736,1216695190125236224,2020-01-13 12:15:13,MkulimaShujaa,48,0,Youth future food security See works different stakeholders empower youth enga
2738,1216694908699934720,2020-01-13 12:14:05,MkulimaShujaa,177,0,All challenges interconnected solutions If promote sustainable food agricultural systems w
2753,1216645604580962304,2020-01-13 08:58:10,MkulimaShujaa,7,0,Why farmers innovators need future food farming
2821,1215647297608003584,2020-01-10 14:51:16,MkulimaShujaa,429,0,When n't waste food n't saving bin Reducing many benefits
2834,1215595221075025920,2020-01-10 11:24:20,MkulimaShujaa,16,0,Bad leadership like climate change crop pests major threat Africas dream food security kicking
2836,1215590408413229058,2020-01-10 11:05:12,MkulimaShujaa,148,0,Call Contract Farmers Twiga Foods expanding operations opening platform contract farmers If yo
2850,1215549522740424705,2020-01-10 08:22:44,MkulimaShujaa,98,0,The challenges interconnected Promoting sustainable food amp agricultural systems reduce number poor
2880,1215209059785347073,2020-01-09 09:49:52,MkulimaShujaa,28,0,The food business Africa multi-billion-dollar matter continue
2885,1215183844615344131,2020-01-09 08:09:40,MkulimaShujaa,17,0,Dear consumers Support local farmers support local economy.-Food fresh preservatives free-You keep money
2904,1215153239169163264,2020-01-09 06:08:03,MkulimaShujaa,45,0,Strong winds High temperatures Droughts ... making difficult farm produce food La Guajira Ho
2925,1214827241550598144,2020-01-08 08:32:39,MkulimaShujaa,8,0,The production processing distribution consumption food integrated enhance environmental eco
2930,1214809796236513280,2020-01-08 07:23:20,MkulimaShujaa,17,0,What listening Some favourite topics related development food agriculture clima
2952,1214539972289662977,2020-01-07 13:31:09,MkulimaShujaa,6,0,Foods company buying cabbages oranges pawpaw carrots onions potatoes pineapples passion fruits tomatoes e.t.c
2999,1214169771987611648,2020-01-06 13:00:06,MkulimaShujaa,459,0,Plants food eat air breathe Without us Watch find support
3006,1214097182699208707,2020-01-06 08:11:39,MkulimaShujaa,47,0,RT What Some tips Waste less food Eat vegetables Save energy
3036,1213835012937699328,2020-01-05 14:49:53,MkulimaShujaa,6,0,Sustainable food systems cornerstone fight improve global food security Follow Agr
3063,1213398958581669889,2020-01-04 09:57:10,MkulimaShujaa,26,0,Digital opens vast untapped potential farmers entrepreneurs improve efficiency food production
3081,1213012557109301249,2020-01-03 08:21:44,MkulimaShujaa,10,0,Chefs get awards recognition food But farmers A farmer battles many elements
3096,1212640516250243072,2020-01-02 07:43:23,MkulimaShujaa,40,0,How much food lost wasted Watch interview economist Sara Vaz discusses wha
3099,1212640393302609920,2020-01-02 07:42:54,MkulimaShujaa,25,0,What challenges opportunities facing food agriculture context Find
3124,1212590202599956481,2020-01-02 04:23:27,MkulimaShujaa,289,0,Food thing wasted gets thrown away All resources went making food wasted
235,1216947641860476928,2020-01-14 04:58:22,mulunga_alukwe,0,0,Foodie language
23,1238105200872894466,2020-03-12 14:10:57,tarunga,20,0,Today PS Wilson Airport flagged aerial spraying aircrafts brought Food Agriculture O
1087,1233292616512540676,2020-02-28 07:27:27,josh_snicks,5,0,How food systems becoming sustainable around The latest campaign amp explores
1121,1223005939869143041,2020-01-30 22:11:53,josh_snicks,2,0,For sustainable food systems need Farm produce better Eat differently Waste less
2115,1235808892954636289,2020-03-06 06:06:14,Kamaulisbeth,4,0,`` leading efforts fighting food hunger malnutrition There enough evidence investing youth
2175,1235090756773318656,2020-03-04 06:32:37,Kamaulisbeth,2,0,Varsity Student Creates Solar-Powered Food Cooler Box
2180,1235090627676631042,2020-03-04 06:32:07,Kamaulisbeth,2,0,When Climate Crisis Food Insecurity Conflict Shakes Foundation Peace Africa
2193,1235090227175264258,2020-03-04 06:30:31,Kamaulisbeth,11,0,Innovations In Kenya JKUAT Varsity Student Creates Solar-Powered Food Cooler Box That Eco friendlyRequires
2223,1235089556048769025,2020-03-04 06:27:51,Kamaulisbeth,2,0,Trade Wars Are Huge Threats To Food Security `` More percent worlds population hungry amp
2247,1235088455375286272,2020-03-04 06:23:29,Kamaulisbeth,2,0,"This year 's fight food waste `` 30,000 pounds leftover food redistributed hungry Fl"
2267,1235087350214152192,2020-03-04 06:19:05,Kamaulisbeth,1,0,Locust Invasion Food fears grow swarms locusts reach Uganda Tanzania htt
2282,1235087091836637184,2020-03-04 06:18:04,Kamaulisbeth,2,0,Scientists UK growing fresh food using old mattresses How mattresses could solve hunger
2294,1235086920394215426,2020-03-04 06:17:23,Kamaulisbeth,2,0,The huge problem food waste could twice big thought
2304,1235086752202678273,2020-03-04 06:16:43,Kamaulisbeth,1,0,Can U.S Slash Food Waste Half Next Ten Years
2317,1235086509910495232,2020-03-04 06:15:45,Kamaulisbeth,3,0,Zimbabwe introduces food coupon system maize prices soar
2350,1235085876956246017,2020-03-04 06:13:14,Kamaulisbeth,2,0,Climate Crisis Smallholder farmers grow Nigerias food crops vulnerable ever extreme weat
2351,1235085859709267972,2020-03-04 06:13:10,Kamaulisbeth,2,0,Circular Economy This company turning food waste cleaning spray
2366,1235085607031828480,2020-03-04 06:12:10,Kamaulisbeth,1,0,This store sells food waste preventing tonnes food waste single year It 's saving planet
2396,1235084859908878336,2020-03-04 06:09:12,Kamaulisbeth,1,0,Drought undermining food security Namibia people threatened hunger country
2427,1235083202831757313,2020-03-04 06:02:36,Kamaulisbeth,1,0,The complexities composting Only households access curbside food waste collection
2435,1235083022812295168,2020-03-04 06:01:54,Kamaulisbeth,1,0,Time Mend Our Relationship With Food We waste food produce equivalent loss US 936 bil
2495,1218144680682147845,2020-01-17 12:14:58,Kamaulisbeth,9,0,The Desert Locust `` Invasion '' major threat food security Africa
88,1229787415054815237,2020-02-18 15:19:02,SUN_CSA_KENYA,17,0,Big Win Zambia After years lobby advocacy Cabinet finally approved Food Nutrition Bill
96,1224253950586769408,2020-02-03 08:51:02,SUN_CSA_KENYA,0,8,Meeting Agriculture Secretary discuss Journey N4G2 Implementation Food Nutrition Security P
100,1222543039492710400,2020-01-29 15:32:29,SUN_CSA_KENYA,1,5,SUN CSA ampBN hosted Ministry Interrior coordination Positive discussions positionimg food amp nutr
101,1222485923427799040,2020-01-29 11:45:31,SUN_CSA_KENYA,2,11,SUN CSA amp ANN hosted Ministry Interrior coordination Positive discussions positionimg food amp nutr
232,1228233924200947712,2020-02-14 08:26:01,narouganda,2,0,The soldiers partnered Food Agricultural Organization -FAO supervised technical personnel
265,1221790065577295874,2020-01-27 13:40:26,narouganda,6,0,Banana matooke main source food n income many people western n central parts Uganda It grows best wit
286,1217118237290389505,2020-01-14 16:16:15,narouganda,3,5,Poverty food insecurity undernutrition remain significant challenges many people Northern Uganda
450,1238172093679886341,2020-03-12 18:36:45,AgricultureNan,2,3,Eat sexy Go lower food value chain A collective shift diets longer optional It
452,1238150597905469440,2020-03-12 17:11:20,AgricultureNan,2,4,Transforming foods towards zero waste
454,1237741944350150656,2020-03-11 14:07:30,AgricultureNan,14,0,Food transformation reduce waste fresh ingredients amp diversifies food use consumption.For instance kilos
458,1237500823267151881,2020-03-10 22:09:22,AgricultureNan,0,2,Most food production approaches silent nutrition hence need create useful linkages
1551,1230405483795746821,2020-02-20 08:15:01,MemorialParkKe,228,0,Kitgum residents turn invading food `` When come caught boiled dried fried
358,1232253959345143808,2020-02-25 10:40:12,Misterkolade,14,0,FarmerRights indispensable food security Conservation sustainable use seeds technical
1250,1235550274850377729,2020-03-05 12:58:35,PSAgriculture,4,0,/9 Development National Food Agricultural Statistics System NFASS utilized Ministry
1385,1220038614639423489,2020-01-22 17:40:47,PSAgriculture,7,0,Full brief partnerships aimed preservation indigenous foods promoting proper preparation ensures proper
968,1238116134878052357,2020-03-12 14:54:24,icpac_igad,62,0,A supercomputer boosting efforts East Africa control locust outbreak raises U.N. food agency calls `` unp
1077,1229990248849039361,2020-02-19 04:45:02,icpac_igad,14,25,Using satellites machine learning protect food security Eastern Africa via
1145,1222807785215270913,2020-01-30 09:04:29,icpac_igad,354,0,Desert locusts extremely dangerous Triggered climate crisis outbreak making dire food security
1173,1221693421779345408,2020-01-27 07:16:24,icpac_igad,4,9,`` Climate change real Floods droughts seen It become threat food security forest
1189,1220652929801162753,2020-01-24 10:21:51,icpac_igad,34,51,Desert Locust update Press Release Food Security Nutrition Working Group
1197,1219561130244431875,2020-01-21 10:03:26,icpac_igad,54,0,In pictures Desert Locust outbreak East AfricaThe outbreak making region 's bad food security situation worse wit
1207,1218579772751564801,2020-01-18 17:03:52,icpac_igad,213,0,The serious outbreak desert locusts years spreading across East Africa threatening food security som
1217,1217921329091031040,2020-01-16 21:27:27,icpac_igad,3,0,IGAD warns food shortage due locust invasion ^CM
1221,1217798564119748608,2020-01-16 13:19:37,icpac_igad,2,7,Food Crisis Immediate Action Needed Against Desert Locusts via
1231,1217448251269492738,2020-01-15 14:07:36,icpac_igad,5,6,Locust swarm threatens food security Horn Africa via
1232,1217444406321713152,2020-01-15 13:52:20,icpac_igad,3,0,PRESS RELEASE A severe Desert Locust outbreak threatens rural food security across East Africa
1241,1217310201306591232,2020-01-15 04:59:03,icpac_igad,83,72,PRESS RELEASE A severe Desert Locust outbreak threatens rural food security across East Africa Countries must
1292,1215186563581337600,2020-01-09 08:20:28,icpac_igad,2,5,We started fighting desert locust invasion threatens increase amount people food insecure
202,1225683323239817222,2020-02-07 07:30:51,SolidaridadECA,5,7,The Food Security Improved Resilience Smallholder Farmers Kenya Ethiopia FOSEK project
219,1214795227418046464,2020-01-08 06:25:26,SolidaridadECA,5,9,The Food All Project Kenya funded Dutch Government 's Sustainable Entrepreneurship Food Security
175,1235119580961366016,2020-03-04 08:27:10,FAORwanda,4,3,Harnessing Artificial Intelligence 's transformative power make food systems efficient sustainable incl
202,1226840773271982080,2020-02-10 12:10:08,FAORwanda,15,0,us UN Secretary-Generals Special Envoy Food Systems Summit update
204,1225719637335298048,2020-02-07 09:55:08,FAORwanda,0,0,Food Price Index Global prices rise January Vegetable oil prices hit -year high S
213,1222464563288924160,2020-01-29 10:20:38,FAORwanda,3,8,Basin key 's agro-biodiversity amp food production.Its degradation may directly affects
2264,1236934754336989184,2020-03-09 08:40:01,AfricaSustain1,2,0,Zimbabwe release prisoners amid food shortage correctional facilities
2308,1235818657608953859,2020-03-06 06:45:03,AfricaSustain1,7,0,`` Machakos reduced depency food relief When young people shown money embrace Agriculture
2319,1235806095592964096,2020-03-06 05:55:08,AfricaSustain1,4,5,`` leading efforts fighting food hunger malnutrition There enough evidence investing youth
2351,1234761630606659584,2020-03-03 08:44:48,AfricaSustain1,1,5,Time Mend Our Relationship With Food We waste food produce equivalent loss US 936
2360,1234406848708710400,2020-03-02 09:15:01,AfricaSustain1,1,4,The complexities composting Only households access curbside food waste collection
2398,1232923352865607684,2020-02-27 07:00:08,AfricaSustain1,1,3,Drought undermining food security Namibia people threatened hunger coun
2432,1231824832536465409,2020-02-24 06:15:00,AfricaSustain1,1,1,This store sells food waste preventing tonnes food waste single year It 's saving planet
2447,1230775424801632257,2020-02-21 08:45:02,AfricaSustain1,2,2,Circular Economy This company turning food waste cleaning spray //
2448,1230767869262123009,2020-02-21 08:15:01,AfricaSustain1,2,3,Climate Crisis Smallholder farmers grow Nigerias food crops vulnerable ever extreme
2482,1229665604321325056,2020-02-18 07:15:00,AfricaSustain1,3,1,Zimbabwe introduces food coupon system maize prices soar
2496,1229294927860961280,2020-02-17 06:42:04,AfricaSustain1,1,1,Can U.S Slash Food Waste Half Next Ten Years
2506,1228276475260002304,2020-02-14 11:15:06,AfricaSustain1,2,2,The huge problem food waste could twice big thought
2518,1227930420215455750,2020-02-13 12:20:00,AfricaSustain1,2,6,Scientists UK growing fresh food using old mattresses How mattresses could solve hunger
2541,1227506375527407617,2020-02-12 08:15:00,AfricaSustain1,1,1,Locust Invasion Food fears grow swarms locusts reach Uganda Tanzania
2562,1226826898304569344,2020-02-10 11:15:00,AfricaSustain1,2,5,"This year 's fight food waste `` 30,000 pounds leftover food redistributed hungr"
2585,1225753224038187008,2020-02-07 12:08:36,AfricaSustain1,2,0,Trade Wars Are Huge Threats To Food Security `` More percent worlds population hungry amp
2591,1225676800698675201,2020-02-07 07:04:55,AfricaSustain1,2,3,The ocean produces half oxygen breathe provides food millions around world playing f
2630,1224558505211940865,2020-02-04 05:01:13,AfricaSustain1,5,0,Had great moment Rachel Greenberger USA discuss food S
2633,1224335503358595073,2020-02-03 14:15:05,AfricaSustain1,2,1,Trade Wars Are Huge Threats To Food Security `` More percent worlds population hungry amp abou
2686,1222462369605083138,2020-01-29 10:11:55,AfricaSustain1,11,12,Innovations In Kenya JKUAT Varsity Student Creates Solar-Powered Food Cooler Box That Eco friendlyRequi
2693,1222451100835614720,2020-01-29 09:27:09,AfricaSustain1,0,0,How Sensors And Big Data Can Help Cut Food Wastage
2722,1221683004566900736,2020-01-27 06:35:00,AfricaSustain1,2,4,When Climate Crisis Food Insecurity Conflict Shakes Foundation Peace Africa
2728,1221055223390785536,2020-01-25 13:00:26,AfricaSustain1,2,3,Varsity Student Creates Solar-Powered Food Cooler Box
2735,1220700778731638786,2020-01-24 13:31:59,AfricaSustain1,235,0,Over million people Kenya Ethiopia amp Somalia already suffer acute food insecurity threatening make
2741,1220656239627186176,2020-01-24 10:35:00,AfricaSustain1,0,0,State Runs Out Of Options As Locusts Devour More Crops `` The Food Agriculture Organisation says weath
2743,1220637366576128004,2020-01-24 09:20:01,AfricaSustain1,1,1,Can Collective Action Cure What 's Ailing Our Food Systems `` Under business-as-usual scenarios estimated
2745,1220617319224938497,2020-01-24 08:00:21,AfricaSustain1,0,2,How Powering Food Storage Could End Hunger In developing countries food loss occurs harvest ear
2754,1220288834602262531,2020-01-23 10:15:04,AfricaSustain1,2,1,Lets Consume More Indigenous Foods `` Nutritional transitions seen increase overweight obesity die
2818,1219898747762679809,2020-01-22 08:25:00,AfricaSustain1,2,3,Port Sudan School Kids March Against Food Price Hikes Stop hunger want food prices fall pupils
2825,1219627915018719232,2020-01-21 14:28:49,AfricaSustain1,3,8,Kenyan Varsity Student Creates Solar-Powered Food Cooler Box That Eco friendlyRequires electricity
2850,1219171456069836800,2020-01-20 08:15:00,AfricaSustain1,1,3,To Improve Food Security Make All Fertilizer Affordable
2857,1218491986472325120,2020-01-18 11:15:02,AfricaSustain1,4,5,Turning Disaster Into A Delicacy `` Maybe time started looking locust invasion food provided free
2864,1218105889531494400,2020-01-17 09:40:50,AfricaSustain1,31,0,Locusts swarm Kenya UN warns 'extreme danger food supply
2868,1218069324130328577,2020-01-17 07:15:32,AfricaSustain1,9,10,The Desert Locust `` Invasion '' major threat food security Africa
2897,1217344416559640576,2020-01-15 07:15:00,AfricaSustain1,2,1,South Africa Broadbands Role Crucial In Boosting Food SecurityThey believe technology enable extend
2898,1217336874794213376,2020-01-15 06:45:02,AfricaSustain1,2,1,Kenya Maps First 'Climate Atlas To Battle Future Food Losses The Climate Atlas provide us future scen
2899,1217329316356415488,2020-01-15 06:15:00,AfricaSustain1,5,3,These foods threat climate change research says Food producers face uncertainty droughts
2903,1217312060045975553,2020-01-15 05:06:26,AfricaSustain1,78,0,We need produce food less resources Transforming agriculture vital achieving sustainabl
2982,1214875729441312769,2020-01-08 11:45:19,AfricaSustain1,3,0,Starting year right Sustainability climate change made two top five trends food nut
3010,1214113745921855493,2020-01-06 09:17:28,AfricaSustain1,17,0,What Some tips Waste less food Eat vegetables Save energy Recycle Use le
3013,1214098036068098048,2020-01-06 08:15:03,AfricaSustain1,1,1,UN Warns Food Aid Zimbabwe Run Out By February `` More half Zimbabwes million people threaten
237,1215282018453344257,2020-01-09 14:39:46,ng_ondo,7,0,Africa next door wealth creation Food produce rural farmers great urban farmers take
241,1219196762176589824,2020-01-20 09:55:34,RonoChonginio,1,1,The road Shanghai described You choose want dinner table Kenya food
391,1237708840587665413,2020-03-11 11:55:57,routetofood,0,1,It 's definitely time take action Check info pesticides used foods vis
393,1236626711602749440,2020-03-08 12:15:58,routetofood,2,3,No woman No foodLets celebrate women especially mama mbogas supply food millions urban dwellers
399,1234432731003654147,2020-03-02 10:57:52,routetofood,3,0,Following feedback show apparent many Kenyans face myriad challenges matters food production
400,1234044455176593410,2020-03-01 09:15:00,routetofood,0,1,The journey food secure nation bumpy difficult sometimes disappointing This however doesnt
404,1233090114349346817,2020-02-27 18:02:47,routetofood,820,0,Stop scrolling The loss affects us The food eat depends The air breathe depends
415,1230767361663389697,2020-02-21 08:13:00,routetofood,3,10,Spices never looked good colourful artful.In addition making food taste good culinary spices ha
417,1230097209934434307,2020-02-19 11:50:03,routetofood,0,3,Even reasonable rains cross-border imports barely enough food The ineffective attempts control
423,1229735637277908993,2020-02-18 11:53:17,routetofood,7,7,Food thought pesticides used farms end water bodies.Watch
428,1229678688116957184,2020-02-18 08:07:00,routetofood,0,2,Agroecological innovations amp food self-sufficiency realised via major changes policy institutions resea
433,1228589764044963840,2020-02-15 08:00:00,routetofood,2,4,Through conversation gender dimension food security evident much needs done befor
438,1227507291110375424,2020-02-12 08:18:38,routetofood,6,0,PODCAST Food Initiative RTFI Toxic Pesticides Food Safety Kenya
440,1227178088758419461,2020-02-11 10:30:30,routetofood,4,0,We need deliver food security nutrition economically profitable inclusiv
441,1227140214008627200,2020-02-11 08:00:00,routetofood,2,4,The right food must exist constitution translated reality Kenyans become e
443,1226823968776237056,2020-02-10 11:03:22,routetofood,4,16,We love judging food smell appearance feel taste.The healthiest tomato might one
445,1226780114106683392,2020-02-10 08:09:06,routetofood,234,0,Bees threatened extinction Yet without would n't able produce many foods e
458,1224965886940831746,2020-02-05 08:00:00,routetofood,0,1,cross-contamination vital cause foodborne illnesses It transfer bacteria/ microorgan
467,1223975810878574595,2020-02-02 14:25:48,routetofood,1,3,You highlight food injustices community showcasing musical talent How ask Freimah
475,1222806482808385536,2020-01-30 08:59:18,routetofood,6,10,Food security improved changing way think think amp talk food production amp dis
485,1221349555159076864,2020-01-26 08:30:00,routetofood,2,7,Food art It plays important part culture forms part heritage importantly binds u
488,1220624780161740800,2020-01-24 08:30:00,routetofood,2,6,Vertical farming involves producing food vertically inclined surfaces instead farming single level e.g
490,1220317032522096641,2020-01-23 12:07:07,routetofood,4,6,With raising concerns conversations around food safety today The Food Challenge
491,1220291008749101060,2020-01-23 10:23:43,routetofood,8,0,The CoK Article articulates right food hold government accountable demand Emmanuel Atamba
495,1219537616456032257,2020-01-21 08:30:00,routetofood,1,5,The goal innovations agriculture make farming land productive andproduce food locally
500,1218835491811758080,2020-01-19 10:00:00,routetofood,1,0,Find voice write us food experiences current food system issues country We w
501,1218594758584668160,2020-01-18 18:03:25,routetofood,18,0,Today I joined K Farmers amp defenders sustainable food systems peaceful demo streets
502,1218220871183216640,2020-01-17 17:17:43,routetofood,1,1,Route Food Ambassador presenting case German audience
505,1218131231365304321,2020-01-17 11:21:31,routetofood,11,0,Much higher herbicide residues found -resistant soybeans Glyphosate food chain h
508,1217737464082829313,2020-01-16 09:16:50,routetofood,2,1,Spot article importance food self-sufficiency time scary weather patterns
514,1217719199168172032,2020-01-16 08:04:15,routetofood,114,0,Food labels Keep safeKeep healthyStop buying counterfeit productsHelp detect ingredients could ca
517,1217363289694322688,2020-01-15 08:30:00,routetofood,0,4,addresses food security international relations political econom
519,1217014140558069760,2020-01-14 09:22:36,routetofood,3,9,We need change perception traditional foods They play important role food nutritional
523,1216283676880883713,2020-01-12 09:00:00,routetofood,0,0,Joining Route Food Alliance step closer joining movement seeks ensure human right
525,1215921288507641856,2020-01-11 09:00:00,routetofood,0,0,Meet Bill Bill active member Route Food Alliance Here blog post experience memb
529,1215234856260599808,2020-01-09 11:32:22,routetofood,1,0,podcast Pasha How South Africa deliver right food healthy amp sustainable htt
530,1215188961724981248,2020-01-09 08:30:00,routetofood,12,18,The right food healthy culturally appropriate basic legal demand underpinning food sovereign
533,1214914142391427072,2020-01-08 14:17:58,routetofood,1,3,Why need independent food safety regulator ensure food safe
538,1213751993291829249,2020-01-05 09:20:00,routetofood,4,7,The Route Food Alliance supports active citizen engagement increased public awareness
539,1213389605166186496,2020-01-04 09:20:00,routetofood,12,16,The question ask whether big agriculture projects effective solution chronic food amp nutritio
5,1238098710724296704,2020-03-12 13:45:10,RebeccahWanjiru,20,0,Today PS Wilson Airport flagged aerial spraying aircrafts brought Food Agriculture O
392,1236974299199782919,2020-03-09 11:17:09,AWARDFellowship,4,5,Improving global food security means recognizing role women food production also conducti
402,1236178517169025025,2020-03-07 06:35:00,AWARDFellowship,1,4,Weekend read Achieving gender equality food secure future
405,1235853099803111426,2020-03-06 09:01:54,AWARDFellowship,1,2,The Swiss Federal Institute technology invites applications Future Food Fellowship Application
434,1232290124618227712,2020-02-25 13:03:55,AWARDFellowship,0,3,Making seed system respond needs men women vital ensuring gender-responsive food sys
437,1230803509001453569,2020-02-21 10:36:38,AWARDFellowship,0,2,The International Food Policy Research Institute IFPRI seeks qualified candidate serve Senior Technical
446,1228934534676148225,2020-02-16 06:50:00,AWARDFellowship,4,13,More women researchers needed deliver food security
473,1225338707722620931,2020-02-06 08:41:28,AWARDFellowship,5,0,Who allowing opportunity table discuss continental food security issues How comes
504,1223163004776091648,2020-01-31 08:36:00,AWARDFellowship,3,3,`` Food For Good Challenge The seeking applications Food Good Challenge develop
536,1217084511634235392,2020-01-14 14:02:14,AWARDFellowship,1,2,Did know deadline Food System Vision Prize first approaching call acti
555,1214524372540633088,2020-01-07 12:29:09,AWARDFellowship,1,3,Understanding interplay women men food systems provides critical insights transformative dev
557,1214166199245922304,2020-01-06 12:45:54,AWARDFellowship,1,0,Nutritious food children pregnant women dismystifying food nutrition taboos childhood dreams championi
561,1213354373117599744,2020-01-04 07:00:00,AWARDFellowship,1,2,invite share transformative vision future global food sy
205,1231796186367111168,2020-02-24 04:21:11,Gibson_Ptoo,42,0,Transforming food agricultural systems challenge must face together
1355,1219548926094774273,2020-01-21 09:14:56,muindi_elijah,247,0,A man Saudi Arabia installed fridge street stocks free food homeless people neighborho
238,1237805576916213760,2020-03-11 18:20:21,Sam_Chyme,1056,0,eat mosquitoes houseflies never cross food That friend right
254,1234889339932467200,2020-03-03 17:12:16,Sam_Chyme,625,0,Honey natural food made without destroying kind life
274,1229743480253100032,2020-02-18 12:24:27,Sam_Chyme,12,0,Leafy greens great source insoluble fiber helps digestion allowing food pass quicker th
307,1228584454807072768,2020-02-15 07:38:54,Sam_Chyme,0,2,Make habit reading food labels Be know
335,1220267821726388230,2020-01-23 08:51:34,Sam_Chyme,0,0,Difference Balanced diet Food diversity Balanced diet taking food rich carbs proteins vit
167,1238090768176287744,2020-03-12 13:13:36,FAOKenya,20,0,Today PS Wilson Airport flagged aerial spraying aircrafts brought Food Agriculture O
103,1235868473940533248,2020-03-06 10:03:00,EugeneOrnella,9,0,Each year estimated /3 food produced equivalent billion tons worth around 1 trillion ends r
111,1235496711541460997,2020-03-05 09:25:45,EugeneOrnella,14,0,potential increase value agricultural food exports US 16.8 billion energy mining expo
189,1237356134371033088,2020-03-10 12:34:26,MamlakaFoods,1,7,As Mamlaka foods facilitate strengthen market linkages provide accessibility otherwise informal
194,1235991833597132801,2020-03-06 18:13:11,MamlakaFoods,1,4,As Mamlaka foods believe innovation agriculture Is epicenter sustainability food world
202,1235103854334631936,2020-03-04 07:24:40,MamlakaFoods,1,2,Agriculture alone provides vital platform employment income generation food security Kenya elimin
220,1233351461955932160,2020-02-28 11:21:17,MamlakaFoods,4,0,In many areas arable Kenya land fragmentation still threat food production Why n't law fragmentation
228,1232672257396400128,2020-02-26 14:22:22,MamlakaFoods,4,0,Sustainable food systems play crucial role meeting development goals ending hungermitigating climate change
231,1232254240170692608,2020-02-25 10:41:19,MamlakaFoods,0,0,Innovations Sustainable Food Systems Farming First
232,1232253715484217345,2020-02-25 10:39:14,MamlakaFoods,0,0,Making food systems sustainable depend innovative tools approaches developed deploy
237,1231947767435743232,2020-02-24 14:23:30,MamlakaFoods,11,0,Food systems cut across sector national boundaries need make sure stakeholders table inc
238,1231891665033596929,2020-02-24 10:40:35,MamlakaFoods,22,0,When farms irrigated produce food seasons rains Even small-scale farmers li
244,1230459782865281024,2020-02-20 11:50:47,MamlakaFoods,94,0,Food opportunity Helping smallholder farmers improve livelihoods holds key achieving WFP 's small
258,1228266206622310401,2020-02-14 10:34:18,MamlakaFoods,1,1,Technology innovation key driving force towards food secure continent
259,1228256336548331520,2020-02-14 09:55:05,MamlakaFoods,12,22,As celebrate Always remember food drinks come
261,1227978870411972608,2020-02-13 15:32:32,MamlakaFoods,4,6,By transforming food agricultural systems transforming future Transformation systems starts
278,1212279255620558848,2020-01-01 07:47:52,MamlakaFoods,1,4,Happy New year warm wishes Mamlaka Foods Another year opportunity make Lives farmers Mama
1280,1236956287868510209,2020-03-09 10:05:35,N8Kwa,2,0,Zimbabwe release prisoners amid food shortage correctional facilities
1326,1220584996429336576,2020-01-24 05:51:55,N8Kwa,2,0,Lets Consume More Indigenous Foods `` Nutritional transitions seen increase overweight obesity diet-re
1342,1218140707850018817,2020-01-17 11:59:11,N8Kwa,9,0,The Desert Locust `` Invasion '' major threat food security Africa
1347,1217682265960042496,2020-01-16 05:37:30,N8Kwa,5,0,These foods threat climate change research says Food producers face uncertainty droughts fl
1348,1217682256187338752,2020-01-16 05:37:27,N8Kwa,2,0,Kenya Maps First 'Climate Atlas To Battle Future Food Losses The Climate Atlas provide us future scenario
1349,1217682246108438528,2020-01-16 05:37:25,N8Kwa,2,0,South Africa Broadbands Role Crucial In Boosting Food SecurityThey believe technology enable extend ecos
1057,1234486743228960769,2020-03-02 14:32:29,Maxwel_Kiptanui,43,0,Modern farming land limited We food secure growing safe traceable products
1290,1220024027282132992,2020-01-22 16:42:49,Maxwel_Kiptanui,3,0,production challenge.The challenge n't focus food production also type food produced
1434,1217416882145366017,2020-01-15 12:02:57,Maxwel_Kiptanui,83,0,PRESS RELEASE A severe Desert Locust outbreak threatens rural food security across East Africa Countries must take imme
1444,1217404227389214720,2020-01-15 11:12:40,Maxwel_Kiptanui,6,0,With climate change pressure natural resources Agriculture-Food production greatest impact human
1454,1217364411549130752,2020-01-15 08:34:27,Maxwel_Kiptanui,4,0,In agriculture everyone important provide food world Let 's learn people Agriculture Here
1468,1217120182038093826,2020-01-14 16:23:59,Maxwel_Kiptanui,6,0,Farming choice This drive food security prosperity The East African
1487,1216789664687951877,2020-01-13 18:30:37,Maxwel_Kiptanui,8,0,Exciting opportunity learn support food production
1543,1215612571845349376,2020-01-10 12:33:16,Maxwel_Kiptanui,16,0,Bad leadership like climate change crop pests major threat Africas dream food security kicking
1603,1214103153106403328,2020-01-06 08:35:23,Maxwel_Kiptanui,12,0,The question ask whether big agriculture projects effective solution chronic food amp nutrition insec
62,1214509467376783360,2020-01-07 11:29:56,NjorogeAnnie,0,1,Yeah 's fanaticism dilutes real threats like food insecurity Scientific solutions
63,1214505208354615298,2020-01-07 11:13:00,NjorogeAnnie,1,4,Sever food insecurity horizon But I would n't surprised people
302,1226912358074847232,2020-02-10 16:54:35,ouma_ken,4,0,Effectively using agriculture Netherlands second exporter food USA digital techno
315,1223580603519578114,2020-02-01 12:15:23,ouma_ken,7,0,Farmers urged grow legumes food security
56,1215107569003397121,2020-01-09 03:06:34,fshivonje,5,0,The Food All Project Kenya funded Dutch Government 's Sustainable Entrepreneurship Food Security FDO
367,1224607989052661760,2020-02-04 08:17:51,jyankurije,17,0,Are Young Professional Agriculture Or 're food security enthusiastic Please join conversatio
1236,1237960842404081664,2020-03-12 04:37:19,ClimateActionKE,8,0,invasion KENYA amp East African states still poses great threat food security millions
1332,1234344819297804291,2020-03-02 05:08:32,ClimateActionKE,10,0,It unacceptable everything paradoxically lack food feed million citizens We must ask
1354,1233777056581857281,2020-02-29 15:32:27,ClimateActionKE,59,0,Coral reef ecosystems unique amp threatened But vital food security coastal protection livelihoods
1355,1233777035933372419,2020-02-29 15:32:22,ClimateActionKE,219,0,Without wouldnt food eat today But 's disappearing eyes.Check report `` Th
1407,1232685304278024192,2020-02-26 15:14:13,ClimateActionKE,5,6,Many countries suffer lack food insects consume destroy huge amounts crops Just
1450,1232334047843672068,2020-02-25 15:58:27,ClimateActionKE,61,0,Concerned locust invasion East Africa Threatens food supply livelihoods Must protect food system
1510,1230894258124738562,2020-02-21 16:37:14,ClimateActionKE,123,0,Our ocean Generates oxygenProvides food Regulates climate Drive global economySolutions exist
1570,1230779541708251136,2020-02-21 09:01:24,ClimateActionKE,28,0,Rising sea levels.Extreme weather events.Water food insecurity.Emerging infectious diseases.These costs e
1586,1230779349428850694,2020-02-21 09:00:38,ClimateActionKE,191,0,Rising sea levelsExtreme weather eventsWater food insecurityEmerging infectious diseasesThese costs excessi
1751,1229695823149248513,2020-02-18 09:15:05,ClimateActionKE,19,0,'Swarms locusts parts country destined die old age threat food security That 's Kenya
1876,1228024330816233472,2020-02-13 18:33:10,ClimateActionKE,40,0,The provides food aid million people countries You help us reach even people inneed https
1973,1227533748050255872,2020-02-12 10:03:46,ClimateActionKE,3,0,What Milk Should You Buy To Reduce Your Environmental Impact Food production responsible worldwide greenho
2058,1227155494881636354,2020-02-11 09:00:44,ClimateActionKE,2,0,We plant food NEVER changed create
2165,1227130371340414976,2020-02-11 07:20:54,ClimateActionKE,24,0,Due breaking climate locusts come Uganda pose threat food livelihoods We need
2294,1227124633960316928,2020-02-11 06:58:06,ClimateActionKE,6,0,Organic farming future Agricuture redeem soil food security youth employment Approach Clim
2312,1227116300616556544,2020-02-11 06:24:59,ClimateActionKE,18,0,A lot marine life filter feeders consume large amounts water collect food goes th
2491,1225708627589242881,2020-02-07 09:11:24,ClimateActionKE,4,0,Food insecurity could hit matter much money BBC News Climate change Loss bumblebees driven
2606,1225704548003721216,2020-02-07 08:55:11,ClimateActionKE,75,0,Due drought effects climate change seen almost million people become food insecure con
2656,1225440745433260032,2020-02-06 15:26:55,ClimateActionKE,1,0,Extreme amp changing weather undermine livelihoods threaten infrastructure increase food security compromise abi
2763,1225347745730498560,2020-02-06 09:17:23,ClimateActionKE,62,0,Deeply concerned locust invasion Horn Africa threatening food security amp livelihoods As temps rise locu
2767,1225347597608591361,2020-02-06 09:16:47,ClimateActionKE,61,0,Concerned locust invasion East Africa Threatens food supply livelihoods Must protect food system
2808,1225291051289792512,2020-02-06 05:32:06,ClimateActionKE,121,0,The food system challenge /3rd food wasted2 If food waste country would rd biggest emi
2835,1224989599472279552,2020-02-05 09:34:14,ClimateActionKE,20,0,A small swarm desert locusts devour amount food people/day The horn Africa experiencin
2941,1224958322593366019,2020-02-05 07:29:57,ClimateActionKE,80,0,Banana leaves becoming sustainable alternative plastic bags packaging food Thailand Via
2989,1224947539163734016,2020-02-05 06:47:06,ClimateActionKE,208,0,The air breathe.The food eat.Livelihoods around planet.We benefit much oceans deserve h
2996,1224946854531604480,2020-02-05 06:44:23,ClimateActionKE,76,0,In trees I see futureIn trees see medicinal value I see foodIn tree I see quality foodIn trees I see better climat
3014,1224335057579642882,2020-02-03 14:13:19,ClimateActionKE,90,0,The ocean nurtures unimaginable biodiversity produces food jobs resources needed life planet survive
3053,1224033291176742916,2020-02-02 18:14:12,ClimateActionKE,354,0,Desert locusts extremely dangerous Triggered climate crisis outbreak making dire food security
3105,1223699445415628805,2020-02-01 20:07:37,ClimateActionKE,34,0,Just know bad situation One tonne locusts That 's half million locusts eats much food
3140,1223571543705489408,2020-02-01 11:39:23,ClimateActionKE,6,0,African youth activists urge governments combat climate change safeguard food water supplies
979,1225160330864660482,2020-02-05 20:52:39,Ckibii,208,0,The air breathe.The food eat.Livelihoods around planet.We benefit much oceans deserve h
1024,1219229272793145346,2020-01-20 12:04:45,Ckibii,12,0,The right food healthy culturally appropriate basic legal demand underpinning food sovereignty Gua
253,1220058293323870211,2020-01-22 18:58:59,margaretatien16,22,0,The Food Agriculture Organization United Nations FAO HQ Internship Programme Monthly Stipend
47,1237788764954558465,2020-03-11 17:13:33,MLCBO1,2,5,Our food system broken How safe vegetables consume People consuming unsafe vegetables bought
50,1235881974558068736,2020-03-06 10:56:38,MLCBO1,1,2,Follow link read US initiative improve food security urban settings An aweso
56,1234515399162712072,2020-03-02 16:26:22,MLCBO1,13,0,Great meeting CBO Nairobi slum amazing job feeding urban poor w/ nutritious safe food grown via innov
60,1218929441453330438,2020-01-19 16:13:20,MLCBO1,1,1,Securing urban areas food insecuri
65,1213561904096055296,2020-01-04 20:44:39,MLCBO1,12,0,The question ask whether big agriculture projects effective solution chronic food amp nutrition insec
404,1230469130970632192,2020-02-20 12:27:56,Ushaurikilimo,15,0,Increasing reliance processed food decline traditional knowledge indigenous foods adversely impactin
431,1222111169885937664,2020-01-28 10:56:23,Ushaurikilimo,16,0,Buy local buy Made Somaliland.BEEXAAN FOOD INDUSTRY BOORAMA SOMALILAND
433,1222107964057817088,2020-01-28 10:43:38,Ushaurikilimo,13,0,Dear rural youth You make world youth.-Improve capabilities produce food income generating acti
439,1222032538279010306,2020-01-28 05:43:56,Ushaurikilimo,1,0,D+C Journal `` Farms around world producing enough food everyone Nonetheless 's hunger
441,1222031941995835392,2020-01-28 05:41:33,Ushaurikilimo,13,30,Dear rural youth You make world youth.-Improve capabilities produce food income generating
577,1215244396658069505,2020-01-09 12:10:16,Ushaurikilimo,17,0,Dear consumers Support local farmers support local economy.-Food fresh preservatives free-You keep money
580,1215137467269099520,2020-01-09 05:05:23,Ushaurikilimo,17,50,Dear consumers Support local farmers support local economy.-Food fresh preservatives free-You keep money
104,1238059336917753856,2020-03-12 11:08:42,SultanGreenKE,0,0,Bigger conversations food eat need continue Our current food systems allow widespre
105,1238056793269587968,2020-03-12 10:58:36,SultanGreenKE,4,0,Kenyan food contains pesticides safety standards.A study KEPHIS tested field samples pesticide residues
121,1232959627693871104,2020-02-27 09:24:17,SultanGreenKE,3,0,I totally agree We become disconnected food production purchase everything autopilot
125,1230751961089105920,2020-02-21 07:11:48,SultanGreenKE,1,0,With food safety landscape currently bleak report toxic maize fish sugar etc ... awareness key
126,1230420689972322304,2020-02-20 09:15:27,SultanGreenKE,0,0,We extremely excited take part innovations marketplace th International Food Safety Forum tha
131,1227927969496260610,2020-02-13 12:10:16,SultanGreenKE,9,0,There without Learn fight food-borne diseases IFCs th annual Inte
159,1215861590005694464,2020-01-11 05:02:47,SultanGreenKE,1,1,A standard identifier educate end consumers food consuming safe grown using GAP pra
1814,1234724674749292544,2020-03-03 06:17:57,DreTtosh,12,0,Animal welfare important human right food adequate nutrition decent work conditions amp overall social ju
1864,1232548476833222656,2020-02-26 06:10:31,DreTtosh,20,0,These kuku fast food joints wangapi wame meet standards quality assurance international health standards Ama yetu n
1865,1232548464367677440,2020-02-26 06:10:28,DreTtosh,8,0,Consumers East Africa ready pay food first food long quality h
1872,1232542441460445184,2020-02-26 05:46:32,DreTtosh,9,0,Your food safety standards met Dear fast food people need read premises
1883,1232539813418586112,2020-02-26 05:36:05,DreTtosh,13,0,A stressed animal haiwezi kuwa tumtum Freedom muhimu Lazima take better care animals Watu wa fast food need
1887,1232539703817187328,2020-02-26 05:35:39,DreTtosh,10,0,Consumers want sure animals raised food treated respect properly cared
1891,1232538648953917445,2020-02-26 05:31:28,DreTtosh,0,1,Only three fast foods brands assesed signed better commitment
1895,1232537689204940801,2020-02-26 05:27:39,DreTtosh,10,0,Global fast food giants propping cruel chicken farming They need act ... That 's calling
1906,1232535221087723520,2020-02-26 05:17:50,DreTtosh,5,0,Some Africas biggest supermarkets fast food outlets like performing
1909,1232534074688000000,2020-02-26 05:13:17,DreTtosh,14,0,Fast food giants like make billions chickens power responsibil
1911,1232533534381936641,2020-02-26 05:11:08,DreTtosh,3,0,How fast food giants treating chicken Are aware Join conversation
1991,1222722112051388416,2020-01-30 03:24:03,DreTtosh,3,0,pollinators underpin food consumed continent Africa also diversify focus areas
1992,1222722097925054465,2020-01-30 03:23:59,DreTtosh,5,0,A panacea Africas food insecurity- focus already loses produces
2004,1220341811354521600,2020-01-23 13:45:35,DreTtosh,94,0,Using tech fight food scarcity Read
2072,1215627786704031745,2020-01-10 13:33:44,DreTtosh,15836,0,I met wife jail arrested civil rights march She brought food shared hamburger
628,1235440567422791681,2020-03-05 05:42:39,BlessedbasketL,6,0,Women vital importance rural economies Rearing poultry small livestock growing food crops respon
646,1234915042493190144,2020-03-03 18:54:24,BlessedbasketL,21,0,`` Make food become medicine medicine becomes food '' It 's time listened farmers like Ferdinan
679,1234501017464643584,2020-03-02 15:29:13,BlessedbasketL,1,0,But Why would import staple food organize five star conference discuss Youth women
685,1234500123981381632,2020-03-02 15:25:40,BlessedbasketL,8,0,Twiga foods seeking lease land set depots Nairobi environs If interested please applyto landtolea
690,1234499836159971328,2020-03-02 15:24:31,BlessedbasketL,12,0,Farmers play vital role growing food fruits amp vegetables thus need supported training
711,1233874630051598338,2020-02-29 22:00:10,BlessedbasketL,6,10,40 20 ft kitchen garden drip irrigation system installation DONE.Food security achieved faster
763,1228343601333260288,2020-02-14 15:41:50,BlessedbasketL,1,0,This results warms heartIf every homestead would well established kitchen garden would fight food inse
765,1227292730549821444,2020-02-11 18:06:03,BlessedbasketL,5,0,Vertical farming involves producing food vertically inclined surfaces instead farming single level e.g f
772,1226936456960204800,2020-02-10 18:30:21,BlessedbasketL,16,0,pose major threat food security rural livelihoods Learn
809,1226223647079137281,2020-02-08 19:17:54,BlessedbasketL,9,0,It possible produce adequate food surplus export
851,1222553788667637761,2020-01-29 16:15:11,BlessedbasketL,3,0,Potato staple food Kenya many countries around world brought country British h
854,1222552140004167681,2020-01-29 16:08:38,BlessedbasketL,15,0,I grew consuming indigenous foods thanks grandparents overtime I learnt myriad benefits In Pag
860,1222549884731101184,2020-01-29 15:59:41,BlessedbasketL,5,7,Vertical farming involves producing food vertically inclined surfaces instead farming single level e.g
869,1221078690009878534,2020-01-25 14:33:40,BlessedbasketL,163,0,Ethiopia Kenya amp Somalia struggling `` unprecedented '' `` devastating '' `` ravenous '' swarms food-devo
890,1219936138930028544,2020-01-22 10:53:35,BlessedbasketL,13,0,Urban agriculture provides fresh food generates employment recycles urban wastes
891,1219662329828134912,2020-01-21 16:45:34,BlessedbasketL,13,28,Urban agriculture provides fresh food generates employment recycles urban wastes
952,1217739740360970246,2020-01-16 09:25:53,BlessedbasketL,2,0,Blessedbasket ltd partnership ADRA kenya helping communities hardship areas mwingi fight food ins
960,1217523007368966144,2020-01-15 19:04:40,BlessedbasketL,2,5,Blessedbasket ltd partnership ADRA kenya helping communities hardship areas mwingi fight food
1042,1213095216489611265,2020-01-03 13:50:12,BlessedbasketL,10,0,Chefs get awards recognition food But farmers A farmer battles many elements
1043,1213094610693754880,2020-01-03 13:47:48,BlessedbasketL,45,0,Agriculture food systems huge part climate solution.Learn working inclusive multisecto
703,1216467283691868165,2020-01-12 21:09:35,beay_you,837,0,Men put everything 're cooking kwa sufuria time still best food ever tasted
718,1232714798191796224,2020-02-26 17:11:25,garrido1964,6,0,Want healthy diet Then rely rely real minimally processed foods mostly plants Enjoyed reading
164,1233270400798412801,2020-02-28 05:59:11,ChimimbaPhiri,10,0,'s Abebe Hailegabriel reminded opportunities exist Africa -food systems
179,1219574427861626880,2020-01-21 10:56:16,ChimimbaPhiri,54,0,In pictures Desert Locust outbreak East AfricaThe outbreak making region 's bad food security situation worse wit
948,1222959601584308225,2020-01-30 19:07:45,_Martinez_KE,166,0,Swarms km x km ravaging crops Kenya km2 eat food people swarm eat
1025,1216320625507282945,2020-01-12 11:26:49,_Martinez_KE,1,2,And avenue import GMO Maize hunger striken areas relief food
882,1235814580057600000,2020-03-06 06:28:50,emungai_m,7,0,`` Machakos reduced depency food relief When young people shown money embrace Agriculture
884,1235814546440253441,2020-03-06 06:28:42,emungai_m,4,0,`` leading efforts fighting food hunger malnutrition There enough evidence investing youth
960,1227946284809621510,2020-02-13 13:23:03,emungai_m,1,0,Thanks Equally vital ensure business cause harm basic rights food health access wat
980,1224548741115469825,2020-02-04 04:22:25,emungai_m,5,12,Had great moment Rachel Greenberger USA discuss food
1096,1215189871331028992,2020-01-09 08:33:37,emungai_m,8,0,Ireland invests hi-tech prog boost Kenyas dairy sector Ireland achieved food security similar
538,1232550616846786561,2020-02-26 06:19:01,ASARECA,0,0,More billion people developing worlds risk consuming food contaminated aflatoxin
555,1230365235695038465,2020-02-20 05:35:05,ASARECA,3,2,The current global rising food prices amp threat reinforced urgency
593,1227134902405083136,2020-02-11 07:38:54,ASARECA,4,4,Did know rich source human food amp animal feed Researchers
619,1222855524485681152,2020-01-30 12:14:11,ASARECA,3,4,billion people developing countries risk consuming food contaminated
620,1222812954405588993,2020-01-30 09:25:01,ASARECA,1,2,Before fly referred Fledglings amp consume lots green foods boost wing develop
626,1222090745278013440,2020-01-28 09:35:13,ASARECA,0,0,Read Full Report The State Food Security Nutrition World cc
635,1221676918753431554,2020-01-27 06:10:49,ASARECA,3,0,How much food waste every year Take guess reduce devel
640,1220648259779276800,2020-01-24 10:03:18,ASARECA,198,0,Making food go Read
644,1220238393789075456,2020-01-23 06:54:38,ASARECA,1,0,could reduce GDP Our food systems broken unless bolder action
664,1217350988467789824,2020-01-15 07:41:07,ASARECA,3,0,How much food waste every year Take guess reduce devel
665,1217023210153299969,2020-01-14 09:58:39,ASARECA,8,0,We urgently need adapt Africas food system And need act
666,1216997970010394624,2020-01-14 08:18:21,ASARECA,21,0,`` We need find ways change urban food environments level playing field nutritious food items ''
674,1215353524499963904,2020-01-09 19:23:55,ASARECA,7,0,Where agriculture seen means deliver job food security vulnerability presents major risks
678,1215191970760548352,2020-01-09 08:41:57,ASARECA,14,0,What could transform food boosting flavor disease resistance yields Learn th
685,1214072201009344512,2020-01-06 06:32:23,ASARECA,1,0,Call action To feed continents million people Africa needs food security This
686,1214067013515120640,2020-01-06 06:11:46,ASARECA,2,0,The common specific types drugs used food animal producers stimulate animals put wei
109,1237570212737638401,2020-03-11 02:45:06,remmymutinda,7,0,I opportunity address Djibouti National Assembly amp Eastern Africa Parliamentary Alliance Food
111,1236530929784492038,2020-03-08 05:55:21,remmymutinda,83,0,Today celebrating International Gender equality essential achieving food
120,1236389997466603526,2020-03-07 20:35:21,remmymutinda,2,0,Better Food Safety Better Business holding th International Food Safety Forum focus
133,1231438356367773697,2020-02-23 04:39:17,remmymutinda,14,0,Transforming food agricultural systems challenge must face together|FAO Stories|Food Agriculture Organiza
151,1228579070222446595,2020-02-15 07:17:30,remmymutinda,94,0,Food waste costs global economy nearly US 1 trillion every year Despite enough food planet feed
152,1228578970762915840,2020-02-15 07:17:07,remmymutinda,9,0,Women Ethiopia play huge growing role farming food production Yet limited access resources amp
162,1220349455762968576,2020-01-23 14:15:57,remmymutinda,1,0,Thank friends More blog posts work food sustainability pathways stability
163,1220349419922632707,2020-01-23 14:15:49,remmymutinda,5,0,How communities move towards sustainability food security prosperity Personal thoughts bl
165,1219116613074673664,2020-01-20 04:37:05,remmymutinda,10,0,Enabling marginal farmers increase incomes improve nutrition Eight new food processing centers start making food pr
167,1215907012636217344,2020-01-11 08:03:16,remmymutinda,7,0,To greatest impact Smart Food must mainstreamed staples global diets says Dr Yemi Aki
81,1230036471979167745,2020-02-19 07:48:42,kayijamahe,26,0,The Horn Africa plagued invasion threatening food security regionOur colleag
92,1217319695612817408,2020-01-15 05:36:46,kayijamahe,83,0,PRESS RELEASE A severe Desert Locust outbreak threatens rural food security across East Africa Countries must take imme
188,1238036112586813440,2020-03-12 09:36:25,WHH_Kenya,1,0,Nutrition Food Security
193,1238005426291122178,2020-03-12 07:34:29,WHH_Kenya,3,0,We MUST move 'increase food production thinking 'Nutrition Sensitive Agriculture thinking order us
194,1238005406053646336,2020-03-12 07:34:24,WHH_Kenya,1,0,Kenya deliberate whole cycle food chain works.The methods farming post harvest storage
198,1238005263506046976,2020-03-12 07:33:50,WHH_Kenya,1,1,Prof Mary universities try work communities sector food security partnership within Ac
201,1237988384842416128,2020-03-12 06:26:46,WHH_Kenya,3,0,`` Producing promoting local indigenous foods good ground curb hunger malnutrition '' Hon Prof Ruth K. Onian
202,1237988370145566721,2020-03-12 06:26:42,WHH_Kenya,1,0,Food Nutrition Agriculture need taught children right Preschool In order us stop vic
203,1237985753948454912,2020-03-12 06:16:19,WHH_Kenya,2,0,`` Kenya best food policies partners n't implement '' Hon Prof Ruth K. Oniango
206,1237985703386062848,2020-03-12 06:16:07,WHH_Kenya,3,0,Climate change issues developmental issues How make food systems sustainable national community
208,1237985677461118976,2020-03-12 06:16:00,WHH_Kenya,4,0,Article constitution establishes Kenyans right free hunger adequate food acceptable
214,1237974787307298817,2020-03-12 05:32:44,WHH_Kenya,4,2,The indicates kenya growing still facing persistent challenges matters food security
63,1231693305269932035,2020-02-23 21:32:22,IndexOptima,1,0,Smart Agriculture Food Security
64,1231692079660765192,2020-02-23 21:27:30,IndexOptima,0,0,Smart Agriculture Food Security
66,1231583780416245761,2020-02-23 14:17:09,IndexOptima,0,0,Irrigation Food Security
67,1231582922194477059,2020-02-23 14:13:45,IndexOptima,0,0,Mechanized Agriculture Food Security
88,1227174688117444609,2020-02-11 10:17:00,IndexOptima,9,0,Predominant systems delivering worlds aspirations Food sys
94,1226196556354916352,2020-02-08 17:30:15,IndexOptima,89,0,Conflict climate-related disasters driving hunger million people need food assistance We
95,1226195596198936576,2020-02-08 17:26:26,IndexOptima,0,0,Food culture Healthy food local .. com.ng
96,1226194860434128896,2020-02-08 17:23:30,IndexOptima,28,0,Food fundamental personal journeys .Which foods tell story
97,1225868956898136065,2020-02-07 19:48:29,IndexOptima,0,0,healthy food local local .. com.ng
109,1224428335197040642,2020-02-03 20:23:58,IndexOptima,0,0,We measure effect development policies Food Market Price .com.ng
126,1222761426013560833,2020-01-30 06:00:16,IndexOptima,8,0,Food loss big challenge undermining food security income generation many developing countries one
141,1222440345222438912,2020-01-29 08:44:24,IndexOptima,0,0,I love approach If every food analysis details causes waste view blockin
147,1222243579923521538,2020-01-28 19:42:32,IndexOptima,129,0,Why food labels important
148,1222241685784100865,2020-01-28 19:35:00,IndexOptima,175,0,Maintaining means Healthy ecosystems Resilient rural livelihoods Nutritious food Our future food de
170,1220600472173711360,2020-01-24 06:53:24,IndexOptima,147,0,Today School gardens great way teach children healthy food Check Mexico school
177,1219899421099536384,2020-01-22 08:27:41,IndexOptima,81,0,billion people hungry moderately food insecure million people suffer chronic hunger million children
183,1218549532310614019,2020-01-18 15:03:42,IndexOptima,80,0,Along side computer programmer Blogger I Farm living aim making Nigeria food secured
188,1217483587148288000,2020-01-15 16:28:01,IndexOptima,1,3,`` When waste food also waste precious resources hard work went producing '' Everyone involv
190,1217169643158351872,2020-01-14 19:40:31,IndexOptima,78,0,We need produce food less resources Transforming agriculture vital achieving sustainabl
191,1216608055082848262,2020-01-13 06:28:58,IndexOptima,1,0,The data primary data direct food stuff vendors Kindly visit details
196,1216328662787686400,2020-01-12 11:58:46,IndexOptima,3,0,As according Jonathan Bloom America 's amp total food produced That cl
208,1216132312972304384,2020-01-11 22:58:32,IndexOptima,3,2,As according Jonathan Bloom America 's amp total food produced Tha
209,1216128880618156033,2020-01-11 22:44:54,IndexOptima,2,0,Food wast amp loss facts
210,1216076138197520390,2020-01-11 19:15:19,IndexOptima,2,2,Food wast amp loss facts
215,1215792650663735297,2020-01-11 00:28:50,IndexOptima,1,1,`` Becoming connected food help avoid waste '' Bloom saysSay NO
223,1214051709850398720,2020-01-06 05:10:58,IndexOptima,0,0,A lay man explanation eating healthy MD.He said eat healthy divid plate food Half shoul
232,1213336500076785664,2020-01-04 05:48:58,IndexOptima,0,1,Food loss amp waste major contributing factors food market price increase anti-dot food security
237,1212610108955475968,2020-01-02 05:42:33,IndexOptima,1,3,Good news AFAN postharvest losses reduced.But yet reflect bottom line Food Market
586,1218140845041442816,2020-01-17 11:59:44,inspire_by,9,0,The Desert Locust `` Invasion '' major threat food security Africa
582,1223934293996720128,2020-02-02 11:40:49,BwanaMdogo1,3,0,Its beutiful day soul-food Join us :00pm courtesy
159,1236599544512761856,2020-03-08 10:28:00,_PABRA,2,0,Zurich EPFL invites applications Future Food Fellowship Swiss Research Initiative
190,1226775790706208768,2020-02-10 07:51:55,_PABRA,15,33,It great honor recognition bean research excellence towards food secu
254,1236981644915101703,2020-03-09 11:46:20,KlaEats,0,0,Food goals Free delivery Simply Call place order
257,1236551344569401345,2020-03-08 07:16:29,KlaEats,0,1,Food goals Free delivery Simply Call place order
281,1218478051056586752,2020-01-18 10:19:40,KlaEats,0,0,Food love language Order yummy sandwich call de
435,1231952114508816387,2020-02-24 14:40:47,StateHouseKenya,24,84,The German Head State said country provide million Euros United Nations Food Agriculture
589,1222908863411818496,2020-01-30 15:46:08,StateHouseKenya,20,81,/8 While acknowledging magnitude threat Kenya 's food security Cabinet approved proposal en
644,1219650637836771333,2020-01-21 15:59:06,StateHouseKenya,30,64,On Big Agenda President Kenyatta said four areas affordable housing food security manufacturing
149,1217057451721265152,2020-01-14 12:14:42,MuthoniKiura,21,0,`` We need find ways change urban food environments level playing field nutritious food items ''
296,1232494815973015553,2020-02-26 02:37:17,VMiheso,5,0,What main threats food security region combat Find soon Were launching reg
304,1228386813301186568,2020-02-14 18:33:33,VMiheso,0,0,speaking critical secure food systems meet
308,1227361236846817280,2020-02-11 22:38:16,VMiheso,32,0,Farmers center food systems main producers consumers food They impact/str
310,1226902240860000256,2020-02-10 16:14:23,VMiheso,16,0,Agnes Kalibata 's second stop recently appointed Special Envoy Food Systems Summit speak farmers
326,1220045124639567872,2020-01-22 18:06:39,VMiheso,27,0,Great meet engage leaders Govts Priv Sctr CSociety multilaterals WHY Food Systems Summit
332,1217084182490419203,2020-01-14 14:00:56,VMiheso,3,0,This going important two years Changing food systems sustainable productive produce
335,1215626461840801792,2020-01-10 13:28:28,VMiheso,52,0,Just concluded two day kick meeting Rome Based Agencies capacity Special Envoy Food
800,1216997754167349248,2020-01-14 08:17:29,MitiAlliance,21,0,`` We need find ways change urban food environments level playing field nutritious food items ''
546,1220259824870535168,2020-01-23 08:19:48,njoki_thuo,1,0,Farm Kenya Breakfast Down Food Security
475,1235968453871312897,2020-03-06 16:40:17,KilimoNews,4,0,The ministry Agriculture start deploying food crop inspectors Farm produce seized quality
492,1235623613836877825,2020-03-05 17:50:00,KilimoNews,5,0,Knowledge key achieving food security development Rob Bertram Chief Scientist Bureau Resilience
499,1235609671450251264,2020-03-05 16:54:36,KilimoNews,121,0,Food agriculture rural development heart Sustainable Development Goals
538,1235249396431884291,2020-03-04 17:03:00,KilimoNews,4,0,Maura Barry speaking new Bureau Resilience Food Security four areas focus agricultural g
600,1232734949326950407,2020-02-26 18:31:29,KilimoNews,771,0,This plot barley yielded t/ha Just let sink in.The food crisis Kenya expo
605,1232686487797477382,2020-02-26 15:18:55,KilimoNews,28,0,The Food Systems Dashboard developed aims put better data fingertips
606,1232686344259997696,2020-02-26 15:18:21,KilimoNews,71,0,The combination tea milk sugar together foods rich refined carbs white bread chapati
607,1232685932266037248,2020-02-26 15:16:43,KilimoNews,26,0,Food employment In transported million kg humanitarian food creating
619,1232576117850152960,2020-02-26 08:00:21,KilimoNews,5,0,Starting soon n.60 `` The future food agricultural transformationLive tweet M
626,1232556608019980288,2020-02-26 06:42:49,KilimoNews,4,0,Dont miss final today CET high-powered panel experts tackling future food
668,1227836362235293696,2020-02-13 06:06:15,KilimoNews,3,0,Locust invasion immediate threat food security indirectly national security I hope current efforts wil
696,1226450620237959168,2020-02-09 10:19:48,KilimoNews,109,0,/3 food produced lost wasted every year We Shop smartUnderstand dates foodBuy 'ugly fruit
703,1225376311516024833,2020-02-06 11:10:53,KilimoNews,21,0,Who feeds us Small scale farmers They grow world 's food But often unsta
710,1223293182672326656,2020-01-31 17:13:17,KilimoNews,1,0,let 's get National Food Safety Agency established r
732,1216958412837310464,2020-01-14 05:41:10,KilimoNews,5,0,Although irrigation Kenya potential boost agricultural productivity least percent food producti
684,1219835031968976898,2020-01-22 04:11:49,erickogi,30,0,On Big Agenda President Kenyatta said four areas affordable housing food security manufacturing un
190,1235883615357218816,2020-03-06 11:03:10,jefregas,1,0,Follow link read US initiative improve food security urban settings An awesome piece
196,1235105956440223745,2020-03-04 07:33:01,jefregas,13,0,Great meeting CBO Nairobi slum amazing job feeding urban poor w/ nutritious safe food grown via innov
2284,1237693489443454986,2020-03-11 10:54:57,ICRAF,29,0,The Resilient programme enhancing long-term sustainability resilience food security sub-Saharan Africa
2289,1237405331547979777,2020-03-10 15:49:55,ICRAF,8,0,Nature Loss Eating Away At Our Food Supply amp Diversity Current rates nature amp biodiversity loss
2304,1236760468431278081,2020-03-08 21:07:28,ICRAF,2,4,right opportunities benefits natural resources food p
2309,1236538949163720704,2020-03-08 06:27:13,ICRAF,6,14,Its Only men women empowered transform food systems successfully nourish f
2313,1236166237228544000,2020-03-07 05:46:12,ICRAF,3,10,Although grow much worlds food lack access resources amp opportunities results reduce
2332,1235397318582517760,2020-03-05 02:50:47,ICRAF,5,0,This new study shows farming wide-ranging benefits food product
2348,1234866295411290113,2020-03-03 15:40:42,ICRAF,6,5,A project helps control wildfire offering nature-based solutions diminishing wild food
2355,1234718178678333442,2020-03-03 05:52:08,ICRAF,4,0,Its Did know fruit trees contributing food security resilience Intere
2397,1231660778178125824,2020-02-23 19:23:07,ICRAF,8,0,Agroforestry land restoration technique improves food security Honduras Inga alley cropping transformed live
2407,1230480602903830530,2020-02-20 13:13:31,ICRAF,5,0,Together conducted research identify key forest wild foods Non Wood Forest Products great
2496,1223134190876708864,2020-01-31 06:41:30,ICRAF,2,0,Did like new FTA Priority Food Tree Crop Food Composition Database struggled use No worries FT
2529,1220572633462464512,2020-01-24 05:02:47,ICRAF,2,0,Did like new FTA Priority Food Tree Crop Food Composition Database struggled use No worries FT
2530,1220372296851914752,2020-01-23 15:46:43,ICRAF,5,0,Transition consuming foods possible despite diet crisis low income urban zones Read h
2539,1219949144145571845,2020-01-22 11:45:16,ICRAF,15,0,Unhealthy soils tend exacerbate Africa 's food insecurity poverty challenge leading low food self-sufficiency h
2568,1217358385743630336,2020-01-15 08:10:31,ICRAF,12,22,'s n. -Agroecology Sustainable Food Systems Panelists discuss concepts tr
2574,1216995601432424449,2020-01-14 08:08:56,ICRAF,21,44,`` We need find ways change urban food environments level playing field nutritious food items ''
2579,1216655777714331648,2020-01-13 09:38:36,ICRAF,7,25,Brussels Development Briefing n. Agroecology Sustainable Food Systems bring vario
2588,1215246628694654976,2020-01-09 12:19:09,ICRAF,2,7,The Priority Food Tree Crop Food Composition database contains information composition selected tree
2592,1214791518172721157,2020-01-08 06:10:42,ICRAF,5,0,New FTA database available 132 foods species Sub-Saharan Africa shows values assess peoples
2595,1214524961077022720,2020-01-07 12:31:30,ICRAF,4,0,Panelists illustrated various aspects amp stressed understanding food environment vis-a-vis va
2598,1214435611974754304,2020-01-07 06:36:27,ICRAF,16,31,Food composition play key role linking Download new
2608,1212626774879866881,2020-01-02 06:48:47,ICRAF,8,0,New study examines trouble mixing food income targets prescribing blanket agricultural interventions whe
91,1217763816316047360,2020-01-16 11:01:33,aamdihun,83,0,PRESS RELEASE A severe Desert Locust outbreak threatens rural food security across East Africa Countries must take imme
48,1217417933825040385,2020-01-15 12:07:08,AgribusinessSol,0,0,Our key focus production supply high quality safe amp affordable food We support producers agribu
373,1234381802183241728,2020-03-02 07:35:30,sm_kagenyi_PhD,0,0,SMART agriculture envisioned go along way enhancing food security.Mutahi ngunyi .This
438,1214435265835651072,2020-01-07 06:35:05,sm_kagenyi_PhD,0,1,SNAIL farming great debate accelerating food security informed rich essential fatty acids calcium iron
1071,1220630581366706177,2020-01-24 08:53:03,RamadhanOmar17,0,1,FAO places locust invasion Level Emergency says worst hit Kenya past years warns possible food crisis
